,60007,1493,59140,1448,59152,59185,141714,59129,59148,1483,59135,1489,59114,59175,1500,1492,59120,1514,59110,59158
1,4.704981413,33.55371105,33.55371105,33.55371105,33.55371105,33.55371105,33.55371105,33.55371105,33.55371105,11.84614588,47.38458353,2.352490707,16.77685553,16.77685553,16.77685553,16.77685553,16.77685553,16.77685553,16.77685553,16.77685553
2,4.569188847,52.5051938,52.5051938,52.5051938,52.5051938,52.5051938,32.81574613,32.81574613,32.81574613,11.52929025,46.117161,2.284594423,26.2525969,26.2525969,26.2525969,26.2525969,26.2525969,16.40787307,16.40787307,16.40787307
3,4.439268187,51.726165,51.726165,51.726165,51.726165,51.726165,32.32885313,32.32885313,32.32885313,11.10490777,44.41963107,2.219634093,25.8630825,25.8630825,25.8630825,25.8630825,25.8630825,16.16442657,16.16442657,16.16442657
4,4.351563513,51.5212868,51.5212868,51.5212868,51.5212868,51.5212868,32.20080425,32.20080425,32.20080425,10.8460903,43.3843612,2.175781757,25.7606434,25.7606434,25.7606434,25.7606434,25.7606434,16.10040213,16.10040213,16.10040213
5,4.319726273,52.2655516,52.2655516,52.2655516,52.2655516,52.2655516,32.66596975,32.66596975,32.66596975,10.83249492,43.32997967,2.159863137,26.1327758,26.1327758,26.1327758,26.1327758,26.1327758,16.33298488,16.33298488,16.33298488
6,4.353709007,54.1405582,54.1405582,54.1405582,54.1405582,54.1405582,33.83784888,33.83784888,33.83784888,11.08487,44.33948,2.176854503,27.0702791,27.0702791,27.0702791,27.0702791,27.0702791,16.91892444,16.91892444,16.91892444
7,4.42961024,56.269154,56.269154,56.269154,56.269154,56.269154,35.16822125,35.16822125,35.16822125,11.4741363,45.8965452,2.21480512,28.134577,28.134577,28.134577,28.134577,28.134577,17.58411063,17.58411063,17.58411063
8,4.453898013,57.85166013,57.85166013,57.85166013,57.85166013,57.85166013,36.15728758,36.15728758,36.15728758,11.84570677,47.38282707,2.226949007,28.92583007,28.92583007,28.92583007,28.92583007,28.92583007,18.07864379,18.07864379,18.07864379
9,4.507309273,60.11742813,60.11742813,60.11742813,60.11742813,60.11742813,37.57339258,37.57339258,37.57339258,12.29912107,49.19648427,2.253654637,30.05871407,30.05871407,30.05871407,30.05871407,30.05871407,18.78669629,18.78669629,18.78669629
10,4.7305241,63.48922187,63.48922187,63.48922187,63.48922187,63.48922187,39.68076367,39.68076367,39.68076367,13.0332101,52.1328404,2.36526205,31.74461093,31.74461093,31.74461093,31.74461093,31.74461093,19.84038183,19.84038183,19.84038183
11,4.968690113,66.70508153,66.70508153,66.70508153,66.70508153,66.70508153,41.69067597,41.69067597,41.69067597,13.66035262,54.64141047,2.484345057,33.35254077,33.35254077,33.35254077,33.35254077,33.35254077,20.84533798,20.84533798,20.84533798
12,5.177307067,68.11838347,68.11838347,68.11838347,68.11838347,68.11838347,42.57398967,42.57398967,42.57398967,14.0081785,56.032714,2.588653533,34.05919173,34.05919173,34.05919173,34.05919173,34.05919173,21.28699483,21.28699483,21.28699483
13,5.2514165,67.4159054,67.4159054,67.4159054,67.4159054,67.4159054,42.13494088,42.13494088,42.13494088,14.09114222,56.36456887,2.62570825,33.7079527,33.7079527,33.7079527,33.7079527,33.7079527,21.06747044,21.06747044,21.06747044
14,5.245953033,66.38593927,66.38593927,66.38593927,66.38593927,66.38593927,41.49121205,41.49121205,41.49121205,13.94562647,55.78250587,2.622976517,33.19296963,33.19296963,33.19296963,33.19296963,33.19296963,20.74560603,20.74560603,20.74560603
15,5.229187167,65.68065247,65.68065247,65.68065247,65.68065247,65.68065247,41.0504078,41.0504078,41.0504078,13.68838625,54.753545,2.614593583,32.84032623,32.84032623,32.84032623,32.84032623,32.84032623,20.5252039,20.5252039,20.5252039
16,5.2085551,65.15865753,65.15865753,65.15865753,65.15865753,65.15865753,40.72416097,40.72416097,40.72416097,13.58155322,54.32621287,2.60427755,32.57932877,32.57932877,32.57932877,32.57932877,32.57932877,20.36208048,20.36208048,20.36208048
17,5.288211413,67.2037628,67.2037628,67.2037628,67.2037628,67.2037628,42.00235175,42.00235175,42.00235175,13.77901117,55.11604467,2.644105707,33.6018814,33.6018814,33.6018814,33.6018814,33.6018814,21.00117588,21.00117588,21.00117588
18,5.618003393,72.6042138,72.6042138,72.6042138,72.6042138,72.6042138,45.37763363,45.37763363,45.37763363,14.76142175,59.045687,2.809001697,36.3021069,36.3021069,36.3021069,36.3021069,36.3021069,22.68881682,22.68881682,22.68881682
19,5.887869853,75.9306394,75.9306394,75.9306394,75.9306394,75.9306394,47.45664963,47.45664963,47.45664963,16.1236828,64.4947312,2.943934927,37.9653197,37.9653197,37.9653197,37.9653197,37.9653197,23.72832482,23.72832482,23.72832482
20,5.898863127,75.77692713,75.77692713,75.77692713,75.77692713,75.77692713,47.36057947,47.36057947,47.36057947,16.26354902,65.05419607,2.949431563,37.88846357,37.88846357,37.88846357,37.88846357,37.88846357,23.68028973,23.68028973,23.68028973
21,5.864550173,75.14905973,75.14905973,75.14905973,75.14905973,75.14905973,46.96816233,46.96816233,46.96816233,16.18907303,64.75629213,2.932275087,37.57452987,37.57452987,37.57452987,37.57452987,37.57452987,23.48408117,23.48408117,23.48408117
22,5.75512138,73.16980087,73.16980087,73.16980087,73.16980087,73.16980087,45.73112555,45.73112555,45.73112555,15.83845688,63.35382753,2.87756069,36.58490043,36.58490043,36.58490043,36.58490043,36.58490043,22.86556278,22.86556278,22.86556278
23,5.526022407,70.03400233,70.03400233,70.03400233,70.03400233,70.03400233,43.77125147,43.77125147,43.77125147,15.14512403,60.58049613,2.763011203,35.01700117,35.01700117,35.01700117,35.01700117,35.01700117,21.88562573,21.88562573,21.88562573
24,5.245678047,66.79764387,66.79764387,66.79764387,66.79764387,66.79764387,41.74852742,41.74852742,41.74852742,14.34661013,57.38644053,2.622839023,33.39882193,33.39882193,33.39882193,33.39882193,33.39882193,20.87426371,20.87426371,20.87426371
25,4.990066027,64.24419907,64.24419907,64.24419907,64.24419907,64.24419907,40.15262442,40.15262442,40.15262442,13.9469979,55.7879916,2.495033013,32.12209953,32.12209953,32.12209953,32.12209953,32.12209953,20.07631221,20.07631221,20.07631221
26,4.886598013,63.4013844,63.4013844,63.4013844,63.4013844,63.4013844,39.62586525,39.62586525,39.62586525,13.70172528,54.80690113,2.443299007,31.7006922,31.7006922,31.7006922,31.7006922,31.7006922,19.81293263,19.81293263,19.81293263
27,4.865136487,63.48348713,63.48348713,63.48348713,63.48348713,63.48348713,39.67717947,39.67717947,39.67717947,13.67358493,54.69433973,2.432568243,31.74174357,31.74174357,31.74174357,31.74174357,31.74174357,19.83858973,19.83858973,19.83858973
28,4.910096933,64.64300607,64.64300607,64.64300607,64.64300607,64.64300607,40.4018788,40.4018788,40.4018788,13.86481562,55.45926247,2.455048467,32.32150303,32.32150303,32.32150303,32.32150303,32.32150303,20.2009394,20.2009394,20.2009394
29,5.0676211,67.31153247,67.31153247,67.31153247,67.31153247,67.31153247,42.0697078,42.0697078,42.0697078,14.44380352,57.77521407,2.53381055,33.65576623,33.65576623,33.65576623,33.65576623,33.65576623,21.0348539,21.0348539,21.0348539
30,5.440795753,72.25688127,72.25688127,72.25688127,72.25688127,72.25688127,45.1605508,45.1605508,45.1605508,15.6684704,62.6738816,2.720397877,36.12844063,36.12844063,36.12844063,36.12844063,36.12844063,22.5802754,22.5802754,22.5802754
31,5.892238453,78.120042,78.120042,78.120042,78.120042,78.120042,48.82502625,48.82502625,48.82502625,17.20826805,68.8330722,2.946119227,39.060021,39.060021,39.060021,39.060021,39.060021,24.41251313,24.41251313,24.41251313
32,6.185575133,81.70149153,81.70149153,81.70149153,81.70149153,81.70149153,51.06343222,51.06343222,51.06343222,18.11839042,72.47356167,3.092787567,40.85074577,40.85074577,40.85074577,40.85074577,40.85074577,25.53171611,25.53171611,25.53171611
33,6.329945673,81.87127,81.87127,81.87127,81.87127,81.87127,51.16954375,51.16954375,51.16954375,18.50564825,74.022593,3.164972837,40.935635,40.935635,40.935635,40.935635,40.935635,25.58477188,25.58477188,25.58477188
34,6.515591053,82.33130593,82.33130593,82.33130593,82.33130593,82.33130593,51.45706622,51.45706622,51.45706622,18.81785647,75.27142587,3.257795527,41.16565297,41.16565297,41.16565297,41.16565297,41.16565297,25.72853311,25.72853311,25.72853311
35,6.666312453,81.96704387,81.96704387,81.96704387,81.96704387,81.96704387,51.22940242,51.22940242,51.22940242,19.00985613,76.03942453,3.333156227,40.98352193,40.98352193,40.98352193,40.98352193,40.98352193,25.61470121,25.61470121,25.61470121
36,6.802127007,80.50533053,80.50533053,80.50533053,80.50533053,80.50533053,50.31583158,50.31583158,50.31583158,19.01211035,76.0484414,3.401063503,40.25266527,40.25266527,40.25266527,40.25266527,40.25266527,25.15791579,25.15791579,25.15791579
37,6.870028633,78.6812572,78.6812572,78.6812572,78.6812572,78.6812572,49.17578575,49.17578575,49.17578575,18.88032435,75.5212974,3.435014317,39.3406286,39.3406286,39.3406286,39.3406286,39.3406286,24.58789288,24.58789288,24.58789288
38,6.912456113,76.46538047,76.46538047,76.46538047,76.46538047,76.46538047,47.7908628,47.7908628,47.7908628,18.58754362,74.35017447,3.456228057,38.23269023,38.23269023,38.23269023,38.23269023,38.23269023,23.8954314,23.8954314,23.8954314
39,6.87395676,74.68113787,74.68113787,74.68113787,74.68113787,74.68113787,46.67571117,46.67571117,46.67571117,18.3470697,73.3882788,3.43697838,37.34056893,37.34056893,37.34056893,37.34056893,37.34056893,23.33785558,23.33785558,23.33785558
40,6.868173487,74.11522,74.11522,74.11522,74.11522,74.11522,46.3220125,46.3220125,46.3220125,18.18911802,72.75647207,3.434086743,37.05761,37.05761,37.05761,37.05761,37.05761,23.16100625,23.16100625,23.16100625
41,6.914994473,74.6011756,74.6011756,74.6011756,74.6011756,74.6011756,46.62573475,46.62573475,46.62573475,18.4086468,73.6345872,3.457497237,37.3005878,37.3005878,37.3005878,37.3005878,37.3005878,23.31286738,23.31286738,23.31286738
42,7.2283755,79.19935647,79.19935647,79.19935647,79.19935647,79.19935647,49.4995978,49.4995978,49.4995978,19.36259617,77.45038467,3.61418775,39.59967823,39.59967823,39.59967823,39.59967823,39.59967823,24.7497989,24.7497989,24.7497989
43,7.403907653,83.9575975,83.9575975,83.9575975,83.9575975,83.9575975,52.47349847,52.47349847,52.47349847,20.61971045,82.4788418,3.701953827,41.97879875,41.97879875,41.97879875,41.97879875,41.97879875,26.23674923,26.23674923,26.23674923
44,7.302502953,84.203322,84.203322,84.203322,84.203322,84.203322,52.62707625,52.62707625,52.62707625,20.62151605,82.4860642,3.651251477,42.101661,42.101661,42.101661,42.101661,42.101661,26.31353813,26.31353813,26.31353813
45,7.138117773,84.08459983,84.08459983,84.08459983,84.08459983,84.08459983,52.55287492,52.55287492,52.55287492,20.38086815,81.5234726,3.569058887,42.04229992,42.04229992,42.04229992,42.04229992,42.04229992,26.27643746,26.27643746,26.27643746
46,6.866863167,82.4185732,82.4185732,82.4185732,82.4185732,82.4185732,51.51160825,51.51160825,51.51160825,19.76592525,79.063701,3.433431583,41.2092866,41.2092866,41.2092866,41.2092866,41.2092866,25.75580413,25.75580413,25.75580413
47,6.469555387,78.48003407,78.48003407,78.48003407,78.48003407,78.48003407,49.0500213,49.0500213,49.0500213,18.79602232,75.18408927,3.234777693,39.24001703,39.24001703,39.24001703,39.24001703,39.24001703,24.52501065,24.52501065,24.52501065
48,6.0621225,74.64006133,74.64006133,74.64006133,74.64006133,74.64006133,46.65003833,46.65003833,46.65003833,17.70301798,70.81207193,3.03106125,37.32003067,37.32003067,37.32003067,37.32003067,37.32003067,23.32501917,23.32501917,23.32501917
49,5.834762227,73.0328412,73.0328412,73.0328412,73.0328412,73.0328412,45.64552575,45.64552575,45.64552575,16.77087473,67.08349893,2.917381113,36.5164206,36.5164206,36.5164206,36.5164206,36.5164206,22.82276288,22.82276288,22.82276288
50,5.698881707,72.28273727,72.28273727,72.28273727,72.28273727,72.28273727,45.1767108,45.1767108,45.1767108,16.46382548,65.85530193,2.849440853,36.14136863,36.14136863,36.14136863,36.14136863,36.14136863,22.5883554,22.5883554,22.5883554
51,5.637010213,72.25939127,72.25939127,72.25939127,72.25939127,72.25939127,45.16211955,45.16211955,45.16211955,16.28904863,65.15619453,2.818505107,36.12969563,36.12969563,36.12969563,36.12969563,36.12969563,22.58105978,22.58105978,22.58105978
52,5.653020113,73.34834253,73.34834253,73.34834253,73.34834253,73.34834253,45.84271408,45.84271408,45.84271408,16.38670585,65.5468234,2.826510057,36.67417127,36.67417127,36.67417127,36.67417127,36.67417127,22.92135704,22.92135704,22.92135704
53,5.775534067,75.69681253,75.69681253,75.69681253,75.69681253,75.69681253,47.31050783,47.31050783,47.31050783,16.79863987,67.19455947,2.887767033,37.84840627,37.84840627,37.84840627,37.84840627,37.84840627,23.65525392,23.65525392,23.65525392
54,6.1195191,80.49617133,80.49617133,80.49617133,80.49617133,80.49617133,50.31010708,50.31010708,50.31010708,17.81273687,71.25094747,3.05975955,40.24808567,40.24808567,40.24808567,40.24808567,40.24808567,25.15505354,25.15505354,25.15505354
55,6.553576007,86.43279725,86.43279725,86.43279725,86.43279725,86.43279725,54.0204983,54.0204983,54.0204983,19.16458688,76.65834753,3.276788003,43.21639863,43.21639863,43.21639863,43.21639863,43.21639863,27.01024915,27.01024915,27.01024915
56,6.75140974,89.01160417,89.01160417,89.01160417,89.01160417,89.01160417,55.63225258,55.63225258,55.63225258,19.83574522,79.34298087,3.37570487,44.50580208,44.50580208,44.50580208,44.50580208,44.50580208,27.81612629,27.81612629,27.81612629
57,6.743496267,86.31495625,86.31495625,86.31495625,86.31495625,86.31495625,53.94684767,53.94684767,53.94684767,19.82227175,79.289087,3.371748133,43.15747813,43.15747813,43.15747813,43.15747813,43.15747813,26.97342383,26.97342383,26.97342383
58,6.73797864,82.54027033,82.54027033,82.54027033,82.54027033,82.54027033,51.58766897,51.58766897,51.58766897,19.74103168,78.96412673,3.36898932,41.27013517,41.27013517,41.27013517,41.27013517,41.27013517,25.79383448,25.79383448,25.79383448
59,6.726183093,79.01217087,79.01217087,79.01217087,79.01217087,79.01217087,49.3826068,49.3826068,49.3826068,19.56725765,78.2690306,3.363091547,39.50608543,39.50608543,39.50608543,39.50608543,39.50608543,24.6913034,24.6913034,24.6913034
60,6.529911027,75.01094993,75.01094993,75.01094993,75.01094993,75.01094993,46.88184372,46.88184372,46.88184372,19.40397498,77.61589993,3.264955513,37.50547497,37.50547497,37.50547497,37.50547497,37.50547497,23.44092186,23.44092186,23.44092186
61,6.34333504,71.5417678,71.5417678,71.5417678,71.5417678,71.5417678,44.71360488,44.71360488,44.71360488,19.15210922,76.60843687,3.17166752,35.7708839,35.7708839,35.7708839,35.7708839,35.7708839,22.35680244,22.35680244,22.35680244
62,6.19165282,68.9042092,68.9042092,68.9042092,68.9042092,68.9042092,43.06513075,43.06513075,43.06513075,18.81402992,75.25611967,3.09582641,34.4521046,34.4521046,34.4521046,34.4521046,34.4521046,21.53256538,21.53256538,21.53256538
63,6.088866393,66.81573333,66.81573333,66.81573333,66.81573333,66.81573333,41.75983333,41.75983333,41.75983333,18.56048523,74.24194093,3.044433197,33.40786667,33.40786667,33.40786667,33.40786667,33.40786667,20.87991667,20.87991667,20.87991667
64,6.118917053,66.08428733,66.08428733,66.08428733,66.08428733,66.08428733,41.30267958,41.30267958,41.30267958,18.4012685,73.605074,3.059458527,33.04214367,33.04214367,33.04214367,33.04214367,33.04214367,20.65133979,20.65133979,20.65133979
65,6.189474733,67.71593227,67.71593227,67.71593227,67.71593227,67.71593227,42.32245767,42.32245767,42.32245767,18.6684242,74.6736968,3.094737367,33.85796613,33.85796613,33.85796613,33.85796613,33.85796613,21.16122883,21.16122883,21.16122883
66,6.536761467,72.21599993,72.21599993,72.21599993,72.21599993,72.21599993,45.13499997,45.13499997,45.13499997,19.5147359,78.0589436,3.268380733,36.10799997,36.10799997,36.10799997,36.10799997,36.10799997,22.56749998,22.56749998,22.56749998
67,6.749283073,76.82007533,76.82007533,76.82007533,76.82007533,76.82007533,48.01254708,48.01254708,48.01254708,20.54795393,82.19181573,3.374641537,38.41003767,38.41003767,38.41003767,38.41003767,38.41003767,24.00627354,24.00627354,24.00627354
68,6.686049513,76.41481987,76.41481987,76.41481987,76.41481987,76.41481987,47.75926242,47.75926242,47.75926242,20.4460116,81.7840464,3.343024757,38.20740993,38.20740993,38.20740993,38.20740993,38.20740993,23.87963121,23.87963121,23.87963121
69,6.5481729,75.5503658,75.5503658,75.5503658,75.5503658,75.5503658,47.21897863,47.21897863,47.21897863,20.07549297,80.30197187,3.27408645,37.7751829,37.7751829,37.7751829,37.7751829,37.7751829,23.60948932,23.60948932,23.60948932
70,6.30950302,73.0981756,73.0981756,73.0981756,73.0981756,73.0981756,45.68635975,45.68635975,45.68635975,19.31887782,77.27551127,3.15475151,36.5490878,36.5490878,36.5490878,36.5490878,36.5490878,22.84317988,22.84317988,22.84317988
71,5.980448347,68.71582873,68.71582873,68.71582873,68.71582873,68.71582873,42.94739297,42.94739297,42.94739297,18.11320443,72.45281773,2.990224173,34.35791437,34.35791437,34.35791437,34.35791437,34.35791437,21.47369648,21.47369648,21.47369648
72,5.652404087,63.93876733,63.93876733,63.93876733,63.93876733,63.93876733,39.96172958,39.96172958,39.96172958,16.8241362,67.2965448,2.826202043,31.96938367,31.96938367,31.96938367,31.96938367,31.96938367,19.98086479,19.98086479,19.98086479
73,5.418150233,61.27374907,61.27374907,61.27374907,61.27374907,61.27374907,38.29609317,38.29609317,38.29609317,15.96752995,63.8701198,2.709075117,30.63687453,30.63687453,30.63687453,30.63687453,30.63687453,19.14804658,19.14804658,19.14804658
74,5.31441038,60.12144013,60.12144013,60.12144013,60.12144013,60.12144013,37.57590008,37.57590008,37.57590008,15.49506407,61.98025627,2.65720519,30.06072007,30.06072007,30.06072007,30.06072007,30.06072007,18.78795004,18.78795004,18.78795004
75,5.25421572,59.98235447,59.98235447,59.98235447,59.98235447,59.98235447,37.48897155,37.48897155,37.48897155,15.36767862,61.47071447,2.62710786,29.99117723,29.99117723,29.99117723,29.99117723,29.99117723,18.74448578,18.74448578,18.74448578
76,5.27469128,60.3160844,60.3160844,60.3160844,60.3160844,60.3160844,37.69755275,37.69755275,37.69755275,15.55094312,62.20377247,2.63734564,30.1580422,30.1580422,30.1580422,30.1580422,30.1580422,18.84877638,18.84877638,18.84877638
77,5.396924813,62.2018296,62.2018296,62.2018296,62.2018296,62.2018296,38.8761435,38.8761435,38.8761435,16.12483963,64.49935853,2.698462407,31.1009148,31.1009148,31.1009148,31.1009148,31.1009148,19.43807175,19.43807175,19.43807175
78,5.7021534,66.57567753,66.57567753,66.57567753,66.57567753,66.57567753,41.60979847,41.60979847,41.60979847,17.32748412,69.30993647,2.8510767,33.28783877,33.28783877,33.28783877,33.28783877,33.28783877,20.80489923,20.80489923,20.80489923
79,6.1148059,72.08255653,72.08255653,72.08255653,72.08255653,72.08255653,45.05159783,45.05159783,45.05159783,18.83620657,75.34482627,3.05740295,36.04127827,36.04127827,36.04127827,36.04127827,36.04127827,22.52579892,22.52579892,22.52579892
80,6.344885427,74.95570853,74.95570853,74.95570853,74.95570853,74.95570853,46.84731783,46.84731783,46.84731783,19.65931183,78.63724733,3.172442713,37.47785427,37.47785427,37.47785427,37.47785427,37.47785427,23.42365892,23.42365892,23.42365892
81,6.44043346,75.03728687,75.03728687,75.03728687,75.03728687,75.03728687,46.8983043,46.8983043,46.8983043,19.79933003,79.19732013,3.22021673,37.51864343,37.51864343,37.51864343,37.51864343,37.51864343,23.44915215,23.44915215,23.44915215
82,6.565358373,75.25112133,75.25112133,75.25112133,75.25112133,75.25112133,47.03195083,47.03195083,47.03195083,19.96513197,79.86052787,3.282679187,37.62556067,37.62556067,37.62556067,37.62556067,37.62556067,23.51597542,23.51597542,23.51597542
83,6.6348195,74.42906813,74.42906813,74.42906813,74.42906813,74.42906813,46.51816758,46.51816758,46.51816758,20.00134263,80.00537053,3.31740975,37.21453407,37.21453407,37.21453407,37.21453407,37.21453407,23.25908379,23.25908379,23.25908379
84,6.687675167,72.87537833,72.87537833,72.87537833,72.87537833,72.87537833,45.54711147,45.54711147,45.54711147,19.9205829,79.6823316,3.343837583,36.43768917,36.43768917,36.43768917,36.43768917,36.43768917,22.77355573,22.77355573,22.77355573
85,6.632685927,70.48573567,70.48573567,70.48573567,70.48573567,70.48573567,44.0535848,44.0535848,44.0535848,19.70099035,78.8039614,3.316342963,35.24286783,35.24286783,35.24286783,35.24286783,35.24286783,22.0267924,22.0267924,22.0267924
86,6.589102127,68.1954264,68.1954264,68.1954264,68.1954264,68.1954264,42.6221415,42.6221415,42.6221415,19.42413463,77.69653853,3.294551063,34.0977132,34.0977132,34.0977132,34.0977132,34.0977132,21.31107075,21.31107075,21.31107075
87,6.528374587,65.60397433,65.60397433,65.60397433,65.60397433,65.60397433,41.00248397,41.00248397,41.00248397,19.18133723,76.72534893,3.264187293,32.80198717,32.80198717,32.80198717,32.80198717,32.80198717,20.50124198,20.50124198,20.50124198
88,6.501523653,64.31583567,64.31583567,64.31583567,64.31583567,64.31583567,40.1973973,40.1973973,40.1973973,19.0733251,76.2933004,3.250761827,32.15791783,32.15791783,32.15791783,32.15791783,32.15791783,20.09869865,20.09869865,20.09869865
89,6.5087966,65.1592124,65.1592124,65.1592124,65.1592124,65.1592124,40.72450775,40.72450775,40.72450775,19.22857962,76.91431847,3.2543983,32.5796062,32.5796062,32.5796062,32.5796062,32.5796062,20.36225388,20.36225388,20.36225388
90,6.723835953,69.25282733,69.25282733,69.25282733,69.25282733,69.25282733,43.28301708,43.28301708,43.28301708,19.88646637,79.54586547,3.361917977,34.62641367,34.62641367,34.62641367,34.62641367,34.62641367,21.64150854,21.64150854,21.64150854
91,6.836923273,72.42760193,72.42760193,72.42760193,72.42760193,72.42760193,45.26725122,45.26725122,45.26725122,20.65015727,82.60062907,3.418461637,36.21380097,36.21380097,36.21380097,36.21380097,36.21380097,22.63362561,22.63362561,22.63362561
92,6.70316562,71.67981627,71.67981627,71.67981627,71.67981627,71.67981627,44.79988517,44.79988517,44.79988517,20.37696727,81.50786907,3.35158281,35.83990813,35.83990813,35.83990813,35.83990813,35.83990813,22.39994258,22.39994258,22.39994258
93,6.5556608,70.570117,70.570117,70.570117,70.570117,70.570117,44.10632313,44.10632313,44.10632313,19.93584295,79.7433718,3.2778304,35.2850585,35.2850585,35.2850585,35.2850585,35.2850585,22.05316157,22.05316157,22.05316157
94,6.35805082,68.75844133,68.75844133,68.75844133,68.75844133,68.75844133,42.97402583,42.97402583,42.97402583,19.29594997,77.18379987,3.17902541,34.37922067,34.37922067,34.37922067,34.37922067,34.37922067,21.48701292,21.48701292,21.48701292
95,6.05104468,65.39639773,65.39639773,65.39639773,65.39639773,65.39639773,40.87274858,40.87274858,40.87274858,18.35264657,73.41058627,3.02552234,32.69819887,32.69819887,32.69819887,32.69819887,32.69819887,20.43637429,20.43637429,20.43637429
96,5.698381047,61.74465967,61.74465967,61.74465967,61.74465967,61.74465967,38.5904123,38.5904123,38.5904123,17.3888577,69.5554308,2.849190523,30.87232983,30.87232983,30.87232983,30.87232983,30.87232983,19.29520615,19.29520615,19.29520615
97,5.410461227,59.15546027,59.15546027,59.15546027,59.15546027,59.15546027,36.97216267,36.97216267,36.97216267,16.46539778,65.86159113,2.705230613,29.57773013,29.57773013,29.57773013,29.57773013,29.57773013,18.48608133,18.48608133,18.48608133
98,5.239353187,57.54409073,57.54409073,57.54409073,57.54409073,57.54409073,35.96505672,35.96505672,35.96505672,15.93906825,63.756273,2.619676593,28.77204537,28.77204537,28.77204537,28.77204537,28.77204537,17.98252836,17.98252836,17.98252836
99,5.152803487,56.8277536,56.8277536,56.8277536,56.8277536,56.8277536,35.517346,35.517346,35.517346,15.65150058,62.60600233,2.576401743,28.4138768,28.4138768,28.4138768,28.4138768,28.4138768,17.758673,17.758673,17.758673
100,5.13636878,56.64481493,56.64481493,56.64481493,56.64481493,56.64481493,35.40300933,35.40300933,35.40300933,15.54547127,62.18188507,2.56818439,28.32240747,28.32240747,28.32240747,28.32240747,28.32240747,17.70150467,17.70150467,17.70150467
101,5.209110347,57.85410527,57.85410527,57.85410527,57.85410527,57.85410527,36.1588158,36.1588158,36.1588158,15.71563472,62.86253887,2.604555173,28.92705263,28.92705263,28.92705263,28.92705263,28.92705263,18.0794079,18.0794079,18.0794079
102,5.344749473,60.44360187,60.44360187,60.44360187,60.44360187,60.44360187,37.77725117,37.77725117,37.77725117,16.1936427,64.7745708,2.672374737,30.22180093,30.22180093,30.22180093,30.22180093,30.22180093,18.88862558,18.88862558,18.88862558
103,5.549382473,63.72310727,63.72310727,63.72310727,63.72310727,63.72310727,39.82694205,39.82694205,39.82694205,16.75516067,67.02064267,2.774691237,31.86155363,31.86155363,31.86155363,31.86155363,31.86155363,19.91347103,19.91347103,19.91347103
104,5.766360087,66.37073313,66.37073313,66.37073313,66.37073313,66.37073313,41.48170822,41.48170822,41.48170822,17.34217033,69.36868133,2.883180043,33.18536657,33.18536657,33.18536657,33.18536657,33.18536657,20.74085411,20.74085411,20.74085411
105,5.960163567,68.31264427,68.31264427,68.31264427,68.31264427,68.31264427,42.69540267,42.69540267,42.69540267,17.84127445,71.3650978,2.980081783,34.15632213,34.15632213,34.15632213,34.15632213,34.15632213,21.34770133,21.34770133,21.34770133
106,6.198367593,69.6934034,69.6934034,69.6934034,69.6934034,69.6934034,43.55837713,43.55837713,43.55837713,18.1431284,72.5725136,3.099183797,34.8467017,34.8467017,34.8467017,34.8467017,34.8467017,21.77918857,21.77918857,21.77918857
107,6.360834527,69.53122727,69.53122727,69.53122727,69.53122727,69.53122727,43.45701705,43.45701705,43.45701705,18.08746648,72.34986593,3.180417263,34.76561363,34.76561363,34.76561363,34.76561363,34.76561363,21.72850853,21.72850853,21.72850853
108,6.430918447,67.6555858,67.6555858,67.6555858,67.6555858,67.6555858,42.28474113,42.28474113,42.28474113,17.60579062,70.42316247,3.215459223,33.8277929,33.8277929,33.8277929,33.8277929,33.8277929,21.14237057,21.14237057,21.14237057
109,6.389605207,64.47731667,64.47731667,64.47731667,64.47731667,64.47731667,40.29832292,40.29832292,40.29832292,16.94549955,67.7819982,3.194802603,32.23865833,32.23865833,32.23865833,32.23865833,32.23865833,20.14916146,20.14916146,20.14916146
110,6.31150372,60.64431973,60.64431973,60.64431973,60.64431973,60.64431973,37.90269983,37.90269983,37.90269983,16.12426785,64.4970714,3.15575186,30.32215987,30.32215987,30.32215987,30.32215987,30.32215987,18.95134992,18.95134992,18.95134992
111,6.223596533,57.57955887,57.57955887,57.57955887,57.57955887,57.57955887,35.9872243,35.9872243,35.9872243,15.43018622,61.72074487,3.111798267,28.78977943,28.78977943,28.78977943,28.78977943,28.78977943,17.99361215,17.99361215,17.99361215
112,6.161227307,55.7369986,55.7369986,55.7369986,55.7369986,55.7369986,34.83562413,34.83562413,34.83562413,14.99017495,59.9606998,3.080613653,27.8684993,27.8684993,27.8684993,27.8684993,27.8684993,17.41781207,17.41781207,17.41781207
113,6.10777882,55.4020112,55.4020112,55.4020112,55.4020112,55.4020112,34.626257,34.626257,34.626257,14.89928665,59.5971466,3.05388941,27.7010056,27.7010056,27.7010056,27.7010056,27.7010056,17.3131285,17.3131285,17.3131285
114,6.2866001,59.42216487,59.42216487,59.42216487,59.42216487,59.42216487,37.13885305,37.13885305,37.13885305,15.55999883,62.23999533,3.14330005,29.71108243,29.71108243,29.71108243,29.71108243,29.71108243,18.56942653,18.56942653,18.56942653
115,6.428987873,64.96921593,64.96921593,64.96921593,64.96921593,64.96921593,40.60575997,40.60575997,40.60575997,17.02839133,68.11356533,3.214493937,32.48460797,32.48460797,32.48460797,32.48460797,32.48460797,20.30287998,20.30287998,20.30287998
116,6.420044727,65.9874822,65.9874822,65.9874822,65.9874822,65.9874822,41.24217638,41.24217638,41.24217638,17.26863058,69.07452233,3.210022363,32.9937411,32.9937411,32.9937411,32.9937411,32.9937411,20.62108819,20.62108819,20.62108819
117,6.346836773,66.16012633,66.16012633,66.16012633,66.16012633,66.16012633,41.35007897,41.35007897,41.35007897,17.2634073,69.0536292,3.173418387,33.08006317,33.08006317,33.08006317,33.08006317,33.08006317,20.67503948,20.67503948,20.67503948
118,6.151399653,65.79795653,65.79795653,65.79795653,65.79795653,65.79795653,41.12372283,41.12372283,41.12372283,17.10674658,68.42698633,3.075699827,32.89897827,32.89897827,32.89897827,32.89897827,32.89897827,20.56186142,20.56186142,20.56186142
119,5.873426467,64.22423187,64.22423187,64.22423187,64.22423187,64.22423187,40.14014492,40.14014492,40.14014492,16.66902582,66.67610327,2.936713233,32.11211593,32.11211593,32.11211593,32.11211593,32.11211593,20.07007246,20.07007246,20.07007246
120,5.59630182,62.3983,62.3983,62.3983,62.3983,62.3983,38.9989375,38.9989375,38.9989375,16.07710717,64.30842867,2.79815091,31.19915,31.19915,31.19915,31.19915,31.19915,19.49946875,19.49946875,19.49946875
121,5.358087107,61.0872488,61.0872488,61.0872488,61.0872488,61.0872488,38.1795305,38.1795305,38.1795305,15.6061605,62.424642,2.679043553,30.5436244,30.5436244,30.5436244,30.5436244,30.5436244,19.08976525,19.08976525,19.08976525
122,5.2106418,60.9246464,60.9246464,60.9246464,60.9246464,60.9246464,38.077904,38.077904,38.077904,15.3653211,61.4612844,2.6053209,30.4623232,30.4623232,30.4623232,30.4623232,30.4623232,19.038952,19.038952,19.038952
123,5.14532312,61.26030187,61.26030187,61.26030187,61.26030187,61.26030187,38.28768867,38.28768867,38.28768867,15.35792355,61.4316942,2.57266156,30.63015093,30.63015093,30.63015093,30.63015093,30.63015093,19.14384433,19.14384433,19.14384433
124,5.126308367,62.240528,62.240528,62.240528,62.240528,62.240528,38.90033,38.90033,38.90033,15.45294955,61.8117982,2.563154183,31.120264,31.120264,31.120264,31.120264,31.120264,19.450165,19.450165,19.450165
125,5.16884118,63.72984947,63.72984947,63.72984947,63.72984947,63.72984947,39.83115592,39.83115592,39.83115592,15.75548643,63.02194573,2.58442059,31.86492473,31.86492473,31.86492473,31.86492473,31.86492473,19.91557796,19.91557796,19.91557796
126,5.28838244,66.2037222,66.2037222,66.2037222,66.2037222,66.2037222,41.37732638,41.37732638,41.37732638,16.31936515,65.2774606,2.64419122,33.1018611,33.1018611,33.1018611,33.1018611,33.1018611,20.68866319,20.68866319,20.68866319
127,5.450392833,69.27938287,69.27938287,69.27938287,69.27938287,69.27938287,43.2996143,43.2996143,43.2996143,17.02870757,68.11483027,2.725196417,34.63969143,34.63969143,34.63969143,34.63969143,34.63969143,21.64980715,21.64980715,21.64980715
128,5.56184086,72.28733267,72.28733267,72.28733267,72.28733267,72.28733267,45.17958292,45.17958292,45.17958292,17.67613967,70.70455867,2.78092043,36.14366633,36.14366633,36.14366633,36.14366633,36.14366633,22.58979146,22.58979146,22.58979146
129,5.689830213,72.83135173,72.83135173,72.83135173,72.83135173,72.83135173,45.51959483,45.51959483,45.51959483,17.854892,71.419568,2.844915107,36.41567587,36.41567587,36.41567587,36.41567587,36.41567587,22.75979742,22.75979742,22.75979742
130,5.750715733,70.75982207,70.75982207,70.75982207,70.75982207,70.75982207,44.2248888,44.2248888,44.2248888,17.36893575,69.475743,2.875357867,35.37991103,35.37991103,35.37991103,35.37991103,35.37991103,22.1124444,22.1124444,22.1124444
131,5.675887253,67.23667427,67.23667427,67.23667427,67.23667427,67.23667427,42.02292142,42.02292142,42.02292142,16.46753858,65.87015433,2.837943627,33.61833713,33.61833713,33.61833713,33.61833713,33.61833713,21.01146071,21.01146071,21.01146071
132,5.531043907,63.6068516,63.6068516,63.6068516,63.6068516,63.6068516,39.75428225,39.75428225,39.75428225,15.61289608,62.45158433,2.765521953,31.8034258,31.8034258,31.8034258,31.8034258,31.8034258,19.87714113,19.87714113,19.87714113
133,5.413356413,60.7023148,60.7023148,60.7023148,60.7023148,60.7023148,37.93894675,37.93894675,37.93894675,14.82468427,59.29873707,2.706678207,30.3511574,30.3511574,30.3511574,30.3511574,30.3511574,18.96947338,18.96947338,18.96947338
134,5.289253333,57.89969473,57.89969473,57.89969473,57.89969473,57.89969473,36.18730922,36.18730922,36.18730922,14.14800453,56.59201813,2.644626667,28.94984737,28.94984737,28.94984737,28.94984737,28.94984737,18.09365461,18.09365461,18.09365461
135,5.17527852,55.61642627,55.61642627,55.61642627,55.61642627,55.61642627,34.76026642,34.76026642,34.76026642,13.64037057,54.56148227,2.58763926,27.80821313,27.80821313,27.80821313,27.80821313,27.80821313,17.38013321,17.38013321,17.38013321
136,5.141786273,54.54638633,54.54638633,54.54638633,54.54638633,54.54638633,34.09149147,34.09149147,34.09149147,13.34503455,53.3801382,2.570893137,27.27319317,27.27319317,27.27319317,27.27319317,27.27319317,17.04574573,17.04574573,17.04574573
137,5.13341206,54.8163462,54.8163462,54.8163462,54.8163462,54.8163462,34.26021638,34.26021638,34.26021638,13.44954793,53.79819173,2.56670603,27.4081731,27.4081731,27.4081731,27.4081731,27.4081731,17.13010819,17.13010819,17.13010819
138,5.435355993,59.08715613,59.08715613,59.08715613,59.08715613,59.08715613,36.92947258,36.92947258,36.92947258,14.26021573,57.04086293,2.717677997,29.54357807,29.54357807,29.54357807,29.54357807,29.54357807,18.46473629,18.46473629,18.46473629
139,5.909726167,65.24321533,65.24321533,65.24321533,65.24321533,65.24321533,40.77700958,40.77700958,40.77700958,16.09378915,64.3751566,2.954863083,32.62160767,32.62160767,32.62160767,32.62160767,32.62160767,20.38850479,20.38850479,20.38850479
140,6.005281233,67.14218453,67.14218453,67.14218453,67.14218453,67.14218453,41.96386533,41.96386533,41.96386533,16.6495699,66.5982796,3.002640617,33.57109227,33.57109227,33.57109227,33.57109227,33.57109227,20.98193267,20.98193267,20.98193267
141,5.988061187,67.95384173,67.95384173,67.95384173,67.95384173,67.95384173,42.47115108,42.47115108,42.47115108,16.8055182,67.2220728,2.994030593,33.97692087,33.97692087,33.97692087,33.97692087,33.97692087,21.23557554,21.23557554,21.23557554
142,5.88976928,67.48960633,67.48960633,67.48960633,67.48960633,67.48960633,42.18100397,42.18100397,42.18100397,16.63872795,66.5549118,2.94488464,33.74480317,33.74480317,33.74480317,33.74480317,33.74480317,21.09050198,21.09050198,21.09050198
143,5.671410167,65.40259707,65.40259707,65.40259707,65.40259707,65.40259707,40.87662317,40.87662317,40.87662317,16.01854842,64.07419367,2.835705083,32.70129853,32.70129853,32.70129853,32.70129853,32.70129853,20.43831158,20.43831158,20.43831158
144,5.4088204,63.06812627,63.06812627,63.06812627,63.06812627,63.06812627,39.41757892,39.41757892,39.41757892,15.2254756,60.9019024,2.7044102,31.53406313,31.53406313,31.53406313,31.53406313,31.53406313,19.70878946,19.70878946,19.70878946
145,5.25806136,62.10243893,62.10243893,62.10243893,62.10243893,62.10243893,38.81402433,38.81402433,38.81402433,14.88985613,59.55942453,2.62903068,31.05121947,31.05121947,31.05121947,31.05121947,31.05121947,19.40701217,19.40701217,19.40701217
146,5.2123493,62.5481482,62.5481482,62.5481482,62.5481482,62.5481482,39.09259263,39.09259263,39.09259263,14.78019142,59.12076567,2.60617465,31.2740741,31.2740741,31.2740741,31.2740741,31.2740741,19.54629632,19.54629632,19.54629632
147,5.2193092,63.8980434,63.8980434,63.8980434,63.8980434,63.8980434,39.93627713,39.93627713,39.93627713,14.93191855,59.7276742,2.6096546,31.9490217,31.9490217,31.9490217,31.9490217,31.9490217,19.96813857,19.96813857,19.96813857
148,5.311865473,65.78234373,65.78234373,65.78234373,65.78234373,65.78234373,41.11396483,41.11396483,41.11396483,15.27841897,61.11367587,2.655932737,32.89117187,32.89117187,32.89117187,32.89117187,32.89117187,20.55698242,20.55698242,20.55698242
149,5.579614027,69.38623147,69.38623147,69.38623147,69.38623147,69.38623147,43.36639467,43.36639467,43.36639467,16.0072879,64.0291516,2.789807013,34.69311573,34.69311573,34.69311573,34.69311573,34.69311573,21.68319733,21.68319733,21.68319733
150,6.079892973,75.95149073,75.95149073,75.95149073,75.95149073,75.95149073,47.46968172,47.46968172,47.46968172,17.49159958,69.96639833,3.039946487,37.97574537,37.97574537,37.97574537,37.97574537,37.97574537,23.73484086,23.73484086,23.73484086
151,6.6627932,84.88243992,84.88243992,84.88243992,84.88243992,84.88243992,53.05152497,53.05152497,53.05152497,19.70390323,78.81561293,3.3313966,42.44121996,42.44121996,42.44121996,42.44121996,42.44121996,26.52576248,26.52576248,26.52576248
152,6.775302313,87.80075192,87.80075192,87.80075192,87.80075192,87.80075192,54.87546997,54.87546997,54.87546997,20.37737433,81.50949733,3.387651157,43.90037596,43.90037596,43.90037596,43.90037596,43.90037596,27.43773498,27.43773498,27.43773498
153,6.670760153,84.47464958,84.47464958,84.47464958,84.47464958,84.47464958,52.796656,52.796656,52.796656,19.62962482,78.51849927,3.335380077,42.23732479,42.23732479,42.23732479,42.23732479,42.23732479,26.398328,26.398328,26.398328
154,6.587304907,80.2560918,80.2560918,80.2560918,80.2560918,80.2560918,50.16005738,50.16005738,50.16005738,18.75952213,75.03808853,3.293652453,40.1280459,40.1280459,40.1280459,40.1280459,40.1280459,25.08002869,25.08002869,25.08002869
155,6.47264342,75.7248846,75.7248846,75.7248846,75.7248846,75.7248846,47.32805288,47.32805288,47.32805288,17.72492005,70.8996802,3.23632171,37.8624423,37.8624423,37.8624423,37.8624423,37.8624423,23.66402644,23.66402644,23.66402644
156,6.303569373,71.1439254,71.1439254,71.1439254,71.1439254,71.1439254,44.46495338,44.46495338,44.46495338,16.7607246,67.0428984,3.151784687,35.5719627,35.5719627,35.5719627,35.5719627,35.5719627,22.23247669,22.23247669,22.23247669
157,6.10351078,67.464753,67.464753,67.464753,67.464753,67.464753,42.16547063,42.16547063,42.16547063,15.96789183,63.87156733,3.05175539,33.7323765,33.7323765,33.7323765,33.7323765,33.7323765,21.08273532,21.08273532,21.08273532
158,5.99841822,64.71854913,64.71854913,64.71854913,64.71854913,64.71854913,40.44909322,40.44909322,40.44909322,15.33871337,61.35485347,2.99920911,32.35927457,32.35927457,32.35927457,32.35927457,32.35927457,20.22454661,20.22454661,20.22454661
159,5.915804773,63.12584793,63.12584793,63.12584793,63.12584793,63.12584793,39.45365497,39.45365497,39.45365497,14.94619468,59.78477873,2.957902387,31.56292397,31.56292397,31.56292397,31.56292397,31.56292397,19.72682748,19.72682748,19.72682748
160,5.857083493,62.26432,62.26432,62.26432,62.26432,62.26432,38.9152,38.9152,38.9152,14.78890063,59.15560253,2.928541747,31.13216,31.13216,31.13216,31.13216,31.13216,19.4576,19.4576,19.4576
161,5.873530307,63.6454752,63.6454752,63.6454752,63.6454752,63.6454752,39.778422,39.778422,39.778422,15.07540648,60.30162593,2.936765153,31.8227376,31.8227376,31.8227376,31.8227376,31.8227376,19.889211,19.889211,19.889211
162,6.16755236,68.10264373,68.10264373,68.10264373,68.10264373,68.10264373,42.56415233,42.56415233,42.56415233,16.01529353,64.06117413,3.08377618,34.05132187,34.05132187,34.05132187,34.05132187,34.05132187,21.28207617,21.28207617,21.28207617
163,6.519893147,72.80732347,72.80732347,72.80732347,72.80732347,72.80732347,45.50457717,45.50457717,45.50457717,17.30670532,69.22682127,3.259946573,36.40366173,36.40366173,36.40366173,36.40366173,36.40366173,22.75228858,22.75228858,22.75228858
164,6.48540032,72.91480733,72.91480733,72.91480733,72.91480733,72.91480733,45.57175458,45.57175458,45.57175458,17.45363125,69.814525,3.24270016,36.45740367,36.45740367,36.45740367,36.45740367,36.45740367,22.78587729,22.78587729,22.78587729
165,6.342629767,71.72223633,71.72223633,71.72223633,71.72223633,71.72223633,44.82639772,44.82639772,44.82639772,17.1745893,68.6983572,3.171314883,35.86111817,35.86111817,35.86111817,35.86111817,35.86111817,22.41319886,22.41319886,22.41319886
166,6.084027547,68.58783507,68.58783507,68.58783507,68.58783507,68.58783507,42.86739692,42.86739692,42.86739692,16.45624462,65.82497847,3.042013773,34.29391753,34.29391753,34.29391753,34.29391753,34.29391753,21.43369846,21.43369846,21.43369846
167,5.68436848,63.5232778,63.5232778,63.5232778,63.5232778,63.5232778,39.70204863,39.70204863,39.70204863,15.16088632,60.64354527,2.84218424,31.7616389,31.7616389,31.7616389,31.7616389,31.7616389,19.85102432,19.85102432,19.85102432
168,5.286355067,58.9953362,58.9953362,58.9953362,58.9953362,58.9953362,36.87208513,36.87208513,36.87208513,13.83197605,55.3279042,2.643177533,29.4976681,29.4976681,29.4976681,29.4976681,29.4976681,18.43604257,18.43604257,18.43604257
