LINE_ID,FROM_NODE,TO_NODE,R_PU,X_PU,B_PU,RATING_MW
l_1283,N_1422,N_1425,8.30E-04,0.00719,0.15868553,140
l_1285,N_1422,N_1466,0.00059,0.00899,0.20555787,514.0893255
l_1286,N_1422,N_6101,1.24E-03,0.01962,0.44768374,514.0893255
l_1288,N_1423,N_1446,0.00384,0.0218,0.05927281,154.6881413
l_1289,N_1423,N_1464,0.00489,0.02811,0.15059486,154.6881413
l_1290,N_1423,N_1499,0.00234,0.0142,0.05779703,154.6881413
l_1291,N_1424,N_1446,0.0038,0.02155,0.05884836,203.5358016
l_1292,N_1424,N_1500,0.00234,0.0142,0.00315399,154.6881413
l_1293,N_1424,N_11525,0.0098,0.05936,0.15111726,154.6881413
l_1294,N_1424,N_11528,0.00373,0.02116,0.05779703,203.5358016
l_1295,N_1425,N_6101,0.00278,0.02523,0.52124419,364.8798428
l_1297,N_1426,N_17007,0.00363,0.02373,0.06578322,154.6881413
l_1298,N_1427,N_1448,0.00168,0.01283,0.03625456,156.8119527
l_1339,N_1446,N_1464,0.00269,0.00969,0.03468083,163.7143394
l_1340,N_1446,N_1490,0.00434,0.02463,0.06620767,203.5358016
l_1341,N_1446,N_1494,0.00042,0.00437,0.01260943,184.4214997
l_1342,N_1448,N_1490,0.00014,0.00077,0.00210266,203.5358016
l_1343,N_1450,N_1485,0.00455,0.02626,0.03468083,154.6881413
l_1344,N_1450,N_1492,0.00134,0.01412,0.04098228,184.4214997
l_1345,N_1450,N_1498,0.00381,0.02303,0.05884836,154.6881413
l_1346,N_1450,N_1499,0.00373,0.02262,0.05779703,154.6881413
l_1347,N_1451,N_1504,0.01735,0.06817,0.05359824,119.4380091
l_1348,N_1451,N_1516,0.02439,0.1361,0.09458052,128.8870413
l_1349,N_1451,N_1518,0.03663,0.09444,0.05989969,116.1983409
l_1350,N_1451,N_1541,0.0171,0.03793,0.02837285,116.1983409
l_1354,N_1464,N_1467,0.0045699,0.021433,0.05611882,149.4927679
l_1355,N_1464,N_1474,0.01019,0.03844,0.13241534,154.6881413
l_1356,N_1464,N_1478,0.00028,0.00134,0.00315399,147.5202782
l_1357,N_1466,N_6101,0.0007,0.01072,0.24517538,514.0893255
l_1358,N_1466,N_143525,0.00061197,0.0089663,0.18390439,395.0993845
l_1359,N_1467,N_1468,0.00176,0.00827,0.02102007,147.5202782
l_1360,N_1468,N_1470,0.02906,0.13668,0.35625721,147.5202782
l_1362,N_1472,N_1475,0.01499,0.03918,0.09773451,131.8571697
l_1363,N_1473,N_1604,0.02939,0.04622,0.02416753,110.798894
l_1364,N_1474,N_1475,0.00414,0.015,0.05359824,163.7143394
l_1366,N_1475,N_140402,0.00327,0.01589,0.04487416,150.1750423
l_1368,N_1478,N_1480,0.0029,0.01367,0.03573216,147.5202782
l_1369,N_1480,N_1490,0.00364,0.01729,0.04308494,147.5202782
l_1370,N_1483,N_17005,0.0001,0.001,0.00157373,154.6881413
l_1371,N_1483,N_17006,0.00215,0.01331,0.03310057,184.4214997
l_1372,N_1484,N_1485,0.00095,0.00552,0.01471209,156.8119527
l_1373,N_1484,N_17005,0.00209,0.0121,0.03247369,156.8119527
l_1374,N_1485,N_1486,5.36E-03,0.01404,0.03468083,131.8571697
l_1375,N_1489,N_1493,7.50E-04,0.00783,0.0220714,184.4214997
l_1376,N_1489,N_1494,0.00003,0.00033,0.00105133,184.4214997
l_1377,N_1489,N_701489,0,0.0001,0,2754.498665
l_1378,N_1491,N_1504,0.00851,0.03342,0.02627019,124.2975114
l_1379,N_1491,N_1508,0.00732,0.04157,0.01260943,152.644608
l_1380,N_1492,N_1493,0.00096,0.01012,0.02942418,184.4214997
l_1381,N_1498,N_1500,0.00071,0.0041,0.00272954,153.8917121
l_1382,N_1498,N_11479,0,0.0001,0,176.1917309
l_1383,N_1498,N_11482,0.00E+00,0.0001,0,176.1917309
l_1384,N_1503,N_1504,3.23E-03,0.0127,0.00945544,124.2975114
l_1385,N_1503,N_1507,0.00095,0.00539,0.01471209,119.4380091
l_1386,N_1503,N_1515,4.34E-03,0.024631,0.01681475,119.4380091
l_1387,N_1503,N_1541,0.02243,0.0487,0.03678349,116.1983409
l_1389,N_1507,N_1508,0.00156,0.00885,0.02416753,152.644608
l_1390,N_1507,N_1514,0.03181,0.08196,0.05149558,116.1983409
l_1391,N_1508,N_1509,0.05388,0.04433,0.02416753,107.2892534
l_1392,N_1509,N_1512,0.00776,0.00639,0.00315399,107.2892534
l_1393,N_1509,N_37390,0.31305,0.26003,0.14576266,107.8291981
l_1394,N_1511,N_1512,0.00118,0.001,0.00105133,107.2892534
l_1395,N_1514,N_1515,0.02015,0.02893,0.12715869,110.798894
l_1396,N_1515,N_1517,0.07783,0.18788,0.12715869,116.1983409
l_1397,N_1516,N_1520,0.00089,0.0499,0.03468083,127.8071519
l_1398,N_1516,N_11517,0.01897,0.10585,0.07356045,110.798894
l_1399,N_1519,N_1520,0.0163,0.02385,0.02785045,110.798894
l_1400,N_1519,N_1521,0.00187,0.00289,0.00157373,110.798894
l_1404,N_1525,N_11525,0,0.0001,0.00010448,2459.55437
l_1405,N_1527,N_1530,0.054989,0.35183,0.24170795,153.1845527
l_1406,N_1527,N_1536,0.12534,0.18749,0.06410501,110.798894
l_1407,N_1528,N_11528,0,0.0001,0.00010448,2459.55437
l_1408,N_1530,N_1531,0.07888,0.11792,0.06620767,110.798894
l_1409,N_1530,N_1534,0.034787,0.22257,0.15342888,153.1845527
l_1410,N_1532,N_1533,0.22263,0.20831,0.11875458,107.2892534
l_1411,N_1532,N_1534,0.001458,0.009331,0.00641246,153.1845527
l_1412,N_1533,N_6106,0.039847,0.055731,0.03373398,110.2589493
l_1413,N_1536,N_1537,0.07552,0.11206,0.06410501,110.798894
l_1414,N_1536,N_1538,0.12248,0.18322,0.10299116,110.798894
l_1415,N_1539,N_6075,0.0248,0.03754,0.02091559,109.7190046
l_1467,N_1604,N_1605,0.06213,0.09769,0.05044425,110.798894
l_4044,N_6028,N_6033,5.17E-03,0.01649,0.01187807,120.2479262
l_4045,N_6030,N_6135,0.03584,0.12788,0.33018945,124.9547829
l_4046,N_6031,N_6033,0.020806,0.028868,0.018284,110.2589493
l_4047,N_6032,N_6033,0.00064,0.00204,0.00146925,120.2479262
l_4048,N_6032,N_6053,0.07195,0.13532,0.0927913,114.0385621
l_4051,N_6037,N_6038,0.000016,0.000041,0.00010448,136.1047924
l_4052,N_6037,N_6050,9.79E-03,0.05216,0.15101278,137.9631273
l_4053,N_6037,N_6110,0.02754,0.153,0.44768374,139.0250329
l_4054,N_6039,N_6040,0.00003,0.00019,0.00010448,131.8567372
l_4055,N_6039,N_6041,0.009002,0.049514,0.03583664,165.3333084
l_4056,N_6039,N_6140,0.018901,0.103962,0.07524519,121.0578432
l_4057,N_6041,N_6042,0.0186488,0.102506,0.07419386,121.0578432
l_4058,N_6048,N_6051,0.030663,0.10483,0.07062195,120.2479262
l_4059,N_6048,N_6057,0.02662,0.171532,0.11991039,137.5261565
l_4060,N_6050,N_6060,0.02788,0.09942,0.25600212,138.4940801
l_4061,N_6051,N_60446,0.022469,0.136224,0.10214879,115.1184515
l_4062,N_6053,N_60446,0.030827,0.186147,0.13955916,114.0385621
l_4066,N_6056,N_6057,0.031345,0.201989,0.14449584,137.5261565
l_4067,N_6056,N_6058,0.002075,0.013379,0.04561205,137.5261565
l_4068,N_6056,N_6061,0.06989,0.06671,0.04098228,108.0991705
l_4069,N_6058,N_6071,0.13457,0.19801,0.11833013,110.2589493
l_4070,N_6058,N_6079,0.001274,0.008429,0.00609249,124.027539
l_4071,N_6060,N_6097,0.00637,0.03586,0.09742107,153.6262357
l_4072,N_6061,N_6079,0.00432,0.01194,0.00829963,117.5482027
l_4073,N_6063,N_6064,0.00413,0.02733,0.01975978,120.2479262
l_4074,N_6063,N_6079,0.00522,0.03459,0.0250099,171.5426724
l_4075,N_6066,N_6098,0.00515,0.02933,0.07860814,155.4845706
l_4076,N_6070,N_6071,0.09105,0.07006,0.0432939,107.2892534
l_4077,N_6071,N_6072,0.05523,0.08125,0.04855055,110.2589493
l_4078,N_6072,N_6075,0.09514,0.13998,0.0836493,110.2589493
l_4080,N_6076,N_6100,0.00186,0.01701,0.35541484,362.767142
l_4082,N_6076,N_140953,0,0.0001,0.00178922,224.3852502
l_4083,N_6076,N_140954,0,0.0001,0.00178922,224.3852502
l_4084,N_6080,N_6084,0.49407,0.26505,0.14628506,105.399447
l_4085,N_6082,N_6084,0.04555,0.23871,0.17045259,110.2589493
l_4086,N_6082,N_60381,0.1119,0.26328,0.18296407,116.1983409
l_4087,N_6084,N_6085,0.00329,0.01231,0.00893304,110.2589493
l_4088,N_6085,N_6086,0.02778,0.16143,0.11833013,110.2589493
l_4089,N_6086,N_6107,0.03361,0.19146,0.13966364,110.2589493
l_4090,N_6088,N_6320,0.00271,0.02696,0.0807108,193.9786507
l_4091,N_6088,N_33798,0.01506,0.072861,0.21018111,195.3060327
l_4093,N_6100,N_6101,0.00018,0.00159,0.03468083,402.6443668
l_4094,N_6100,N_6102,0,0.0001,0,340.5837854
l_4095,N_6100,N_6111,0.00013,0.00118,0.02521886,364.8798428
l_4096,N_6101,N_6111,0,0.0001,0,814.6209915
l_4097,N_6101,N_6111,0,0.0001,0,814.6209915
l_4098,N_6101,N_60505,0.00125,0.02001,0.43801281,871.9279963
l_4099,N_6101,N_60505,0.00124,0.0201,0.43801281,871.9279963
l_4104,N_6106,N_6107,0.103326,0.150398,0.09699662,110.2589493
l_4105,N_6107,N_6108,0.00304,0.01743,0.01176706,124.2975114
l_4108,N_6107,N_60391,0.00529,0.03433,0.02480094,122.9476496
l_4110,N_6111,N_60504,0.0019,0.03158,0.68844484,871.9279963
l_4111,N_6111,N_61001,0.00065,0.01092,0.23781607,871.9279963
l_4112,N_6111,N_141351,0.00013,0.00119,0.02521886,289.0867073
l_4117,N_6117,N_6320,0.0169,0.05982,0.15553154,138.4940801
l_4125,N_6131,N_6133,0.00536,0.02948,0.02133351,152.9145804
l_4126,N_6131,N_6140,0.07689,0.42349,0.30665533,136.4462671
l_4127,N_6132,N_6133,0.0018,0.00988,0.00714382,122.0297437
l_4128,N_6132,N_60381,0.10303,0.24242,0.16846094,116.1983409
l_4129,N_6135,N_6320,0.05423,0.19384,0.49896383,138.4940801
l_4130,N_6140,N_6141,0.05141,0.12428,0.08407375,116.1983409
l_4131,N_6140,N_140082,0.05763,0.29371,0.21249273,129.1570137
l_4132,N_6141,N_6142,0.07479,0.18082,0.12232649,116.1983409
l_4133,N_6142,N_6143,0.08705,0.21048,0.14239971,116.1983409
l_4134,N_6143,N_6148,0.04177,0.10098,0.06831033,116.1983409
l_4138,N_6150,N_140182,0.0105,0.1026,0.28269023,177.6783988
l_505,N_720,N_6150,0.01161,0.066739,0.17938563,155.4845706
l_525,N_733,N_6131,0.01709,0.02281,0.01502553,110.2589493
l_526,N_734,N_60381,0,0.0001,0,116.1983409
l_527,N_736,N_6048,0.099571,0.144658,0.08754118,110.2589493
l_528,N_736,N_6082,0.17384,0.25568,0.152802,110.2589493
l_531,N_740,N_6028,0.00225,0.01271,0.00872408,131.0468201
l_532,N_740,N_6031,0.00155,0.00873,0.00598801,131.0468201
l_535,N_745,N_798,0.04173,0.14277,0.0903752,116.4683133
l_538,N_749,N_6142,0,0.0001,0,2799.453515
l_542,N_751,N_6143,0.05642,0.04471,0.02732152,102.6997235
l_551,N_761,N_6085,0,0.0001,0,2799.453515
l_554,N_764,N_60391,0.00001,0.00009,0.00010448,134.2864883
l_563,N_773,N_1474,0.0018,0.0059,0.01555446,132.1226461
l_567,N_777,N_6107,0,0.0001,0,2799.453515
l_569,N_779,N_1534,0.00001,0.0001,0,153.1845527
l_570,N_779,N_33728,0.01051,0.07012,0.04781266,135.9063224
l_574,N_782,N_783,0.17437,0.25427,0.15490466,109.1790599
l_575,N_782,N_784,0.02079,0.1387,0.09458052,135.9063224
l_576,N_782,N_33728,0.00543,0.03622,0.02469646,135.9063224
l_578,N_786,N_1533,0,0.0001,0,2799.453515
l_582,N_789,N_1532,0,0.0001,0,2799.453515
l_583,N_790,N_6088,0,0.0001,0,2754.498665
l_6319,N_11473,N_11522,6.84E-02,0.10154,0.0557009,110.798894
l_6323,N_11527,N_11528,0,0.00001,0.00105133,203.5358016
l_6472,N_23900,N_23906,0.00105,0.02197,0.48740573,557.3996885
l_6473,N_23900,N_23906,0.00105,0.02197,0.48740573,557.3996885
l_6474,N_23900,N_23914,0.0015,0.03145,0.69737788,557.3996885
l_6475,N_23900,N_23914,0.00151,0.03142,0.69737788,557.3996885
l_6476,N_23900,N_79000,0.00119,0.0191,0.43623012,573.509031
l_6477,N_23900,N_79005,0.00061,0.00977,0.22132129,573.509031
l_6478,N_23900,N_140653,0.000504,0.00471,0.10613862,411.0951693
l_6479,N_23900,N_141152,0.00059999,0.0044,0.09815243,336.3583841
l_6483,N_23906,N_23908,0.00042,0.00968,0.21858522,557.3996885
l_6484,N_23906,N_23910,0.00105,0.02207,0.48950839,557.3996885
l_6485,N_23906,N_140442,0.00219,0.01852,0.41090025,370.7954045
l_6486,N_23908,N_23910,0.00053,0.0121,0.27323479,557.3996885
l_6487,N_23908,N_142663,0.00017,0.00242,0.05611882,180.5467119
l_6488,N_23910,N_23912,0.00059,0.01243,0.27880488,557.3996885
l_6489,N_23910,N_23912,0.00059,0.01251,0.28058757,557.3996885
l_6490,N_23910,N_140753,0.000017,0.000148,0.00325847,370.7954045
l_6491,N_23910,N_141712,0.00069083,0.0071165,0.14712743,337.678822
l_6492,N_23910,N_141765,0.001608,0.012796,0.28374156,350.2757995
l_6493,N_23912,N_23913,0.00033,0.00689,0.15511362,557.3996885
l_6494,N_23912,N_23920,0.00289,0.02798,0.60952326,200
l_6495,N_23913,N_23914,0.00071,0.01493,0.34112067,557.3996885
l_6496,N_23913,N_144311,0,0.0001,0,2740.611713
l_6497,N_23914,N_23922,0.00072,0.01516,0.33628847,557.3996885
l_6498,N_23914,N_23922,0.00073,0.01514,0.33628847,557.3996885
l_6499,N_23914,N_79001,0.001,0.01605,0.36550369,573.509031
l_6500,N_23914,N_79003,0.001,0.016,0.36550369,573.509031
l_6501,N_23914,N_140853,0.0008,0.0072,0.16289085,370.7954045
l_6502,N_23914,N_141301,0.000325,0.003069,0.06831033,403.700717
l_6503,N_23920,N_23922,0.00138,0.02367,0.52398026,300
l_6504,N_23920,N_23926,0.00112,0.01124,0.24170795,604.935453
l_6505,N_23920,N_23928,0.00159,0.01592,0.34679524,604.935453
l_6506,N_23920,N_141607,0.00006,0.00125,0.03204924,557.3996885
l_6507,N_23920,N_143902,0.0000408,0.000250647,0.00378087,213.6844215
l_6508,N_23922,N_59904,0.00076,0.01601,0.35520588,573.2449433
l_6509,N_23922,N_59904,0.00077,0.01599,0.35520588,573.2449433
l_6510,N_23922,N_141201,6.81E-04,0.005118,0.11349793,336.3583841
l_6511,N_23922,N_141402,0.001435,0.010951,0.24149899,336.3583841
l_6512,N_23922,N_141503,0.0000211,0.00019219,0.00399636,258.452548
l_6516,N_23926,N_59156,0.00001,0.00002,0.00105133,604.935453
l_6517,N_23926,N_59156,0.00001,0.00002,0.00105133,604.935453
l_6518,N_23928,N_23930,0.00043,0.00434,0.09458052,604.935453
l_6519,N_23928,N_59178,0.00001,0.0004,0.00105133,604.935453
l_6520,N_23928,N_59178,0.00001,0.0004,0.00105133,604.935453
l_6521,N_23930,N_59196,0.00001,0.00005,0.00105133,604.935453
l_6522,N_23930,N_59196,0.00001,0.00005,0.00105133,604.935453
l_6579,N_33728,N_142612,0.0000763,0.00042155,0.00031344,123.217622
l_7857,N_59110,N_59114,0.0047343,0.035658,0.02585227,118.6550893
l_7858,N_59110,N_59175,0.0082294,0.028694,0.02080458,118.6550893
l_7859,N_59114,N_59144,0.0060029,0.044732,0.03247369,132.072715
l_7860,N_59114,N_142712,0,0.0001,0,164.1427304
l_7861,N_59114,N_142715,0,0.0001,0,164.1427304
l_7862,N_59116,N_59120,0.003045,0.0177,0.03541219,153.014578
l_7863,N_59116,N_59124,0.00078639,0.0086299,0.04130225,204.9046044
l_7864,N_59116,N_142711,0.0000317,0.00019206,0.0005224,153.0119005
l_7865,N_59120,N_59181,0.0042442,0.025072,0.04928844,153.014578
l_7866,N_59121,N_59124,0.00082117,0.0090132,0.02406305,163.9923442
l_7867,N_59121,N_59129,0.0049308,0.029651,0.05717015,153.014578
l_7868,N_59129,N_59134,0.0035917,0.021476,0.04182465,153.014578
l_7869,N_59132,N_59140,0.0070489,0.043428,0.02952866,132.072715
l_7870,N_59132,N_59173,0.0092985,0.038998,0.02847733,122.758669
l_7871,N_59134,N_59135,0.0020537,0.012279,0.02585227,153.014578
l_7872,N_59135,N_59148,0.0015917,0.011726,0.02354065,163.9923442
l_7873,N_59140,N_59144,0.0086536,0.053401,0.03625456,132.072715
l_7874,N_59146,N_59152,0.0025641,0.015519,0.02973762,153.014578
l_7875,N_59146,N_59180,0.0019214,0.011663,0.0220714,153.014578
l_7876,N_59148,N_59158,0.0043161,0.02563,0.0500198,153.014578
l_7877,N_59148,N_59185,0.0028522,0.018855,0.03825274,153.014578
l_7878,N_59152,N_59158,0.0021611,0.012583,0.0250099,153.014578
l_7879,N_59152,N_59168,0.0022647,0.017088,0.03436739,204.9046044
l_7880,N_59158,N_59168,0.0025792,0.019479,0.03909511,163.9923442
l_7881,N_59158,N_59185,0.0028938,0.018429,0.03741037,153.014578
l_7882,N_59158,N_59188,0.0049452,0.00482,0.09689214,204.9046044
l_7883,N_59166,N_143673,0.00013719,0.00072878,0.00020896,118.6820865
l_7884,N_59166,N_143674,0.00013719,0.00072878,0.00020896,118.6820865
l_7885,N_59166,N_143677,0.00013719,0.00072878,0.00020896,132.0700153
l_7886,N_59168,N_59181,0.0014488,0.011614,0.03057999,153.014578
l_7887,N_59173,N_59175,0.014253,0.051638,0.03761933,119.3570174
l_7888,N_59174,N_142761,0.00099889,0.0012056,4.40E-07,114.0277632
l_7889,N_59180,N_59181,0.0010767,0.0071599,0.01376524,153.014578
l_7890,N_59185,N_59188,6.38E-03,0.062174,0.12495155,204.9046044
l_7916,N_59904,N_60006,0.00001,0.00024,0.00504116,405.021155
l_7917,N_59904,N_60500,0.002547,0.042677,0.93529843,573.2449433
l_7918,N_59904,N_60500,0.002547,0.042677,0.93529843,573.2449433
l_7919,N_59904,N_140903,4.83E-04,0.006603,0.14239971,369.105244
l_7920,N_59904,N_143692,0.0000231,0.000406355,0.00840411,555.0229003
l_7929,N_60006,N_60007,0,0.0001,0.00010448,332.9252456
l_8004,N_60500,N_60505,0,0.0001,0,888.8296015
l_8005,N_60500,N_60505,0,0.0001,0,888.8296015
l_8006,N_60500,N_60722,5.88E-04,0.00965458,0.20997215,889.093689
l_8007,N_60500,N_142563,0.000131,0.001366,0.02911074,448.0674305
l_8008,N_60501,N_60505,0.00159,0.02646,0.57778746,871.9279963
l_8009,N_60501,N_60505,1.58E-03,0.02646,0.57778746,871.9279963
l_8010,N_60501,N_79002,0.00147,0.02369,0.53974368,604.935453
l_8011,N_60501,N_79004,1.48E-03,0.02363,0.53974368,604.935453
l_8012,N_60501,N_143961,0.00E+00,0.0001,0,2740.611713
l_8014,N_60504,N_79491,0.003134,0.05034,1.14642639,731.1693163
l_8015,N_60504,N_79492,0.003134,0.0502,1.14642639,800.3602623
l_8016,N_60504,N_142815,0.00002,0.00019,0.00420532,289.369281
l_8039,N_60702,N_60703,0,-0.020164,0,668.0523845
l_8040,N_60702,N_60722,0.00061,0.01016,0.22111233,867.9666828
l_8041,N_60703,N_60712,0.00064,0.01062,0.23119465,889.093689
l_8049,N_60712,N_144011,0,0.0001,0,2740.611713
l_8057,N_60722,N_60725,0.00E+00,0.0001,0,415.584658
l_8058,N_60722,N_143015,0.00018,0.0019,0.04066884,436.7116645
l_8061,N_60725,N_143378,0,0.0001,0.00041792,360.7231043
l_8070,N_61001,N_140383,0.00044,0.00384,0.07566311,289.3507949
l_8220,N_79000,N_79005,0.00059525,0.00955,0.2162736,800.3602623
l_8221,N_79000,N_79006,0.001154,0.011855,0.25536871,342.696486
l_8222,N_79000,N_79491,0,0.0001,0,731.1693163
l_8223,N_79000,N_79492,0,0.0001,0,800.3602623
l_8224,N_79000,N_140473,0.00129,0.011536,0.24454197,257.9243729
l_8225,N_79001,N_79002,0,-0.01959,0,604.935453
l_8226,N_79003,N_79004,0,-0.01959,0,604.935453
l_8227,N_79005,N_140503,0.00039,0.00354,0.07356045,218.3112359
l_8228,N_79005,N_140603,0.00085,0.00726,0.16110163,218.3112359
l_8229,N_79006,N_141867,0,0.0001,0.0018937,218.3112359
l_8491,N_140383,N_142915,0.0006,0.005627,0.18916104,412.6796948
l_8492,N_140442,N_140803,0.000438,0.003762,0,318.0888053
l_8493,N_140653,N_140656,0,0.0001,0,411.0951693
l_8494,N_140753,N_141053,0.00029,0.002613,0,414.5283078
l_8495,N_141351,N_142962,0.00030185,0.0026928,0.05779703,155.4583918
l_8496,N_141605,N_141606,0,0.0001,0,340.1595451
T_53,N_798,N_33798,0.0013875,0.031488,,
T_201,N_1422,N_1423,0.00024,0.01894,,
T_202,N_1423,N_29048,0.00234,0.10975,,
T_203,N_29048,N_1422,0.00238,0.13267,,
T_204,N_1422,N_1424,0.00024,0.01894,,
T_205,N_1424,N_29050,0.00234,0.10975,,
T_206,N_29050,N_1422,0.00238,0.13267,,
T_207,N_1425,N_1426,0.00047,0.02829,,
T_208,N_1426,N_17016,0.00288,0.15444,,
T_209,N_17016,N_1425,0.00263,0.16311,,
T_222,N_1451,N_1450,0.00375,0.093888,,
T_223,N_1472,N_1473,0.00849,0.13961,,
T_224,N_1490,N_1491,0.00147,0.079185,,
T_225,N_1490,N_1491,0.0010408,0.092904,,
T_226,N_11527,N_1527,0.00245,0.07099,,
T_698,N_6028,N_6030,0.00719,0.16518,,
T_699,N_6048,N_6050,0.00197,0.07425,,
T_700,N_6055,N_6060,0.00563,0.12254,,
T_701,N_6064,N_6066,0.00301,0.10877,,
T_702,N_6100,N_6098,0.00079,0.04593,,
T_703,N_6100,N_6097,0.00069,0.04572,,
T_704,N_6097,N_60780,0.00825,0.43699,,
T_705,N_60780,N_6100,0.00768,0.37599,,
T_706,N_6108,N_6110,0.0033,0.10415,,
T_707,N_6133,N_6135,0.00275,0.09369,,
T_708,N_6148,N_6150,0.00692,0.16519,,
T_1088,N_11479,N_140041,0.010067,0.26444,,
T_1089,N_11482,N_140042,0.010089,0.26533,,
T_1147,N_23900,N_23902,0.0000001,0.08,,
T_1148,N_23902,N_23904,0.0000001,0.497,,
T_1149,N_23904,N_23900,0.0000001,0.5915,,
T_1150,N_23914,N_23916,0.0000001,0.08,,
T_1151,N_23916,N_23918,0.0000001,0.497,,
T_1152,N_23918,N_23914,0.0000001,0.5915,,
T_1523,N_59116,N_59114,0.00106,0.11083,,
T_1524,N_59114,N_59112,0.00147,0.15277,,
T_1525,N_59112,N_59116,0.00284,0.29554,,
T_1526,N_59134,N_59132,0.00106,0.11099,,
T_1527,N_59132,N_59130,0.00148,0.15555,,
T_1528,N_59130,N_59134,0.00286,0.29943,,
T_1529,N_59146,N_59144,0.00104,0.11166,,
T_1530,N_59144,N_59142,0.00145,0.15499,,
T_1531,N_59142,N_59146,0.00276,0.29499,,
T_1532,N_59156,N_59124,0.00044,0.03894,,
T_1533,N_59124,N_59155,0.0017,0.14965,,
T_1534,N_59155,N_59156,0.00226,0.1989,,
T_1535,N_59156,N_59124,0.00044,0.03911,,
T_1536,N_59124,N_59163,0.0017,0.14951,,
T_1537,N_59163,N_59156,0.00226,0.19903,,
T_1538,N_59168,N_59166,0.00105,0.11183,,
T_1539,N_59166,N_59167,0.00146,0.1561,,
T_1540,N_59167,N_59168,0.00277,0.29554,,
T_1541,N_59175,N_59174,0.01832,0.36274,,
T_1542,N_59178,N_59181,0.00044,0.03894,,
T_1543,N_59181,N_59176,0.0017,0.15019,,
T_1544,N_59176,N_59178,0.00227,0.19958,,
T_1545,N_59178,N_59181,0.00045,0.03925,,
T_1546,N_59181,N_59177,0.0017,0.14951,,
T_1547,N_59177,N_59178,0.00226,0.19917,,
T_1548,N_59196,N_59188,0.00044,0.03911,,
T_1549,N_59188,N_59189,0.0017,0.14965,,
T_1550,N_59189,N_59196,0.00226,0.1989,,
T_1551,N_59196,N_59188,0.00044,0.039,,
T_1552,N_59188,N_59190,0.0017,0.14992,,
T_1553,N_59190,N_59196,0.00226,0.19917,,
T_1575,N_60501,N_60502,0.0000001,0.04833,,
T_1576,N_60501,N_60503,0.0000001,0.04833,,
T_2045,N_140082,N_140081,0.0056383,0.17889,,
T_2046,N_140182,N_140181,0.00198,0.09049,,
T_2049,N_140383,N_140381,0.00071,0.05035,,
T_2050,N_140383,N_142511,0.00104,0.06476,,
T_2051,N_140402,N_140401,0.0018,0.07015,,
T_2052,N_140442,N_140441,0.00171,0.092084,,
T_2053,N_140471,N_140473,0.00212,0.09807,,
T_2054,N_140472,N_140473,0.00204,0.09858,,
T_2055,N_140503,N_140501,0.01126,0.11263,,
T_2056,N_140503,N_140502,0.01126,0.11263,,
T_2057,N_140603,N_140601,0.01126,0.1333,,
T_2058,N_140603,N_140602,0.01126,0.1333,,
T_2059,N_140653,N_140651,0.00187,0.09525,,
T_2060,N_140653,N_140652,0.00187,0.09525,,
T_2061,N_140656,N_140654,0.00187,0.09523,,
T_2062,N_140656,N_140655,0.00187,0.09523,,
T_2064,N_140753,N_140751,0.0031568,0.11996,,
T_2065,N_140753,N_140752,0.0031568,0.11996,,
T_2066,N_140803,N_140801,0.0023211,0.11944,,
T_2067,N_140803,N_140802,0.0023383,0.11864,,
T_2068,N_140853,N_140851,0.0035175,0.11995,,
T_2069,N_140853,N_140852,0.0035175,0.11995,,
T_2070,N_140903,N_140901,0.00213,0.09745,,
T_2071,N_140903,N_140902,0.00209,0.09761,,
T_2072,N_140953,N_140951,0.0025,0.088,,
T_2073,N_140954,N_140952,0.0025,0.088,,
T_2075,N_141053,N_141051,0.00174,0.07698,,
T_2076,N_141053,N_141052,0.00174,0.07698,,
T_2077,N_141152,N_141151,0.00226,0.099971,,
T_2078,N_141201,N_141202,0.0029716,0.14483,,
T_2079,N_141201,N_141205,0.0029274,0.14485,,
T_2080,N_141301,N_141303,0.0019601,0.099981,,
T_2081,N_141351,N_141353,0.0037706,0.12472,,
T_2082,N_141351,N_141354,0.0030872,0.11931,,
T_2083,N_141402,N_141401,0.00226,0.097164,,
T_2084,N_141402,N_141451,0.002048,0.097068,,
T_2085,N_141503,N_141506,0.001951,0.085075,,
T_2086,N_141605,N_141601,0.0035333,0.16217,,
T_2087,N_141605,N_141602,0.0035333,0.16217,,
T_2088,N_141605,N_141603,0.0035333,0.16217,,
T_2089,N_141607,N_141604,0.00097163,0.05996,,
T_2090,N_141607,N_141606,0.0004,0.03439,,
T_2091,N_141607,N_141608,0.00097163,0.05996,,
T_2092,N_141607,N_141609,0.00097163,0.05996,,
T_2094,N_141712,N_141711,0.00251,0.0959,,
T_2095,N_141765,N_141761,0.00257,0.12661,,
T_2096,N_141765,N_141762,0.00257,0.12661,,
T_2099,N_141867,N_141861,0.0024649,0.11536,,
T_2100,N_141867,N_141862,0.0024649,0.11536,,
T_2104,N_142563,N_142561,0.0012834,0.074804,,
T_2105,N_142563,N_142562,0.0013064,0.074063,,
T_2106,N_142612,N_142611,0.0024213,0.13634,,
T_2107,N_142663,N_142661,0.0012248,0.067365,,
T_2108,N_142711,N_142713,0.0045279,0.1544,,
T_2109,N_142712,N_142714,0.015624,0.37028,,
T_2110,N_142715,N_142716,0.01548,0.36688,,
T_2111,N_142815,N_142811,0.0025915,0.10768,,
T_2112,N_142815,N_142812,0.0025915,0.10768,,
T_2113,N_142915,N_142912,0.00104,0.06476,,
T_2114,N_142962,N_142961,0.0014808,0.0834,,
T_2115,N_143015,N_143011,0.0018127,0.10343,,
T_2116,N_143015,N_143012,0.0018127,0.10343,,
T_2131,N_143378,N_143375,0.0031568,0.11996,,
T_2132,N_143378,N_143376,0.0008875,0.071,,
T_2136,N_143525,N_143521,0.0010643,0.060888,,
T_2137,N_143525,N_143522,0.0021717,0.098876,,
T_2142,N_143673,N_143675,0.019327,0.35948,,
T_2143,N_143674,N_143676,0.021116,0.39277,,
T_2144,N_143692,N_143691,0.00159275,0.0668955,,
T_2150,N_143901,N_143902,0.00159275,0.0668955,,
SWITCH_27,N_631,N_1470,0.0000001,0.0001,,
SWITCH_42,N_770,N_1478,0.0000001,0.0001,,
SWITCH_65,N_1426,N_1427,0.0000001,0.0001,,
SWITCH_66,N_1426,N_1427,0.0000001,0.0001,,
SWITCH_69,N_1473,N_11522,0.0000001,0.0001,,
SWITCH_70,N_1499,N_1500,0.0000001,0.0001,,
SWITCH_71,N_1517,N_11517,0.0000001,0.0001,,
SWITCH_72,N_1518,N_1520,0.0000001,0.0001,,
SWITCH_73,N_1538,N_1539,0.0000001,0.0001,,
SWITCH_391,N_6055,N_6058,0.0000001,0.0001,,
SWITCH_392,N_6097,N_6098,0.0000001,0.0001,,
SWITCH_393,N_6110,N_6117,0.0000001,0.0001,,
SWITCH_499,N_17006,N_17007,0.0000001,0.0001,,
SWITCH_500,N_20101,N_23922,0.0000001,0.0001,,
SWITCH_596,N_60501,N_60504,0.0000001,0.0001,,
SWITCH_603,N_60702,N_60703,0.0000001,0.0001,,
SWITCH_604,N_60702,N_60703,0.0000001,0.0001,,
SWITCH_618,N_79000,N_79497,0.0000001,0.0001,,
SWITCH_619,N_79000,N_79498,0.0000001,0.0001,,
SWITCH_620,N_79001,N_79002,0.0000001,0.0001,,
SWITCH_621,N_79003,N_79004,0.0000001,0.0001,,
SWITCH_884,N_140081,N_140083,0.0000001,0.0001,,
SWITCH_885,N_140181,N_140183,0.0000001,0.0001,,
SWITCH_888,N_140381,N_140382,0.0000001,0.0001,,
SWITCH_889,N_140381,N_140384,0.0000001,0.0001,,
SWITCH_890,N_140401,N_140403,0.0000001,0.0001,,
SWITCH_891,N_140441,N_140443,0.0000001,0.0001,,
SWITCH_892,N_140471,N_140472,0.0000001,0.0001,,
SWITCH_893,N_140501,N_140502,0.0000001,0.0001,,
SWITCH_894,N_140501,N_140504,0.0000001,0.0001,,
SWITCH_895,N_140601,N_140602,0.0000001,0.0001,,
SWITCH_896,N_140601,N_140604,0.0000001,0.0001,,
SWITCH_897,N_140602,N_140605,0.0000001,0.0001,,
SWITCH_898,N_140651,N_140652,0.0000001,0.0001,,
SWITCH_899,N_140654,N_140655,0.0000001,0.0001,,
SWITCH_901,N_140751,N_140752,0.0000001,0.0001,,
SWITCH_902,N_140752,N_140754,0.0000001,0.0001,,
SWITCH_903,N_140801,N_140802,0.0000001,0.0001,,
SWITCH_904,N_140801,N_140804,0.0000001,0.0001,,
SWITCH_905,N_140802,N_140805,0.0000001,0.0001,,
SWITCH_906,N_140851,N_140852,0.0000001,0.0001,,
SWITCH_907,N_140851,N_140854,0.0000001,0.0001,,
SWITCH_908,N_140852,N_140857,0.0000001,0.0001,,
SWITCH_909,N_140854,N_140855,0.0000001,0.0001,,
SWITCH_910,N_140854,N_140856,0.0000001,0.0001,,
SWITCH_911,N_140856,N_140857,0.0000001,0.0001,,
SWITCH_912,N_140857,N_140858,0.0000001,0.0001,,
SWITCH_913,N_140901,N_140902,0.0000001,0.0001,,
SWITCH_914,N_140951,N_140956,0.0000001,0.0001,,
SWITCH_915,N_140952,N_140955,0.0000001,0.0001,,
SWITCH_918,N_141051,N_141052,0.0000001,0.0001,,
SWITCH_919,N_141051,N_141054,0.0000001,0.0001,,
SWITCH_920,N_141052,N_141055,0.0000001,0.0001,,
SWITCH_921,N_141151,N_141153,0.0000001,0.0001,,
SWITCH_922,N_141151,N_141154,0.0000001,0.0001,,
SWITCH_923,N_141202,N_141203,0.0000001,0.0001,,
SWITCH_924,N_141202,N_141204,0.0000001,0.0001,,
SWITCH_925,N_141202,N_141205,0.0000001,0.0001,,
SWITCH_926,N_141205,N_141206,0.0000001,0.0001,,
SWITCH_927,N_141205,N_141207,0.0000001,0.0001,,
SWITCH_928,N_141302,N_141303,0.0000001,0.0001,,
SWITCH_929,N_141352,N_141353,0.0000001,0.0001,,
SWITCH_930,N_141353,N_141354,0.0000001,0.0001,,
SWITCH_931,N_141401,N_141451,0.0000001,0.0001,,
SWITCH_932,N_141501,N_141506,0.0000001,0.0001,,
SWITCH_933,N_141502,N_141506,0.0000001,0.0001,,
SWITCH_934,N_141504,N_141506,0.0000001,0.0001,,
SWITCH_935,N_141505,N_141506,0.0000001,0.0001,,
SWITCH_937,N_141711,N_141713,0.0000001,0.0001,,
SWITCH_938,N_141711,N_141714,0.0000001,0.0001,,
SWITCH_939,N_141761,N_141762,0.0000001,0.0001,,
SWITCH_940,N_141761,N_141763,0.0000001,0.0001,,
SWITCH_941,N_141762,N_141764,0.0000001,0.0001,,
SWITCH_944,N_141861,N_141862,0.0000001,0.0001,,
SWITCH_945,N_141861,N_141863,0.0000001,0.0001,,
SWITCH_946,N_141862,N_141866,0.0000001,0.0001,,
SWITCH_947,N_141863,N_141864,0.0000001,0.0001,,
SWITCH_948,N_141863,N_141865,0.0000001,0.0001,,
SWITCH_949,N_141866,N_141868,0.0000001,0.0001,,
SWITCH_950,N_141866,N_141869,0.0000001,0.0001,,
SWITCH_951,N_141866,N_141870,0.0000001,0.0001,,
SWITCH_956,N_142511,N_142512,0.0000001,0.0001,,
SWITCH_957,N_142511,N_142513,0.0000001,0.0001,,
SWITCH_958,N_142561,N_142562,0.0000001,0.0001,,
SWITCH_959,N_142661,N_142662,0.0000001,0.0001,,
SWITCH_960,N_142811,N_142812,0.0000001,0.0001,,
SWITCH_961,N_142811,N_142813,0.0000001,0.0001,,
SWITCH_962,N_142812,N_142814,0.0000001,0.0001,,
SWITCH_963,N_142911,N_142912,0.0000001,0.0001,,
SWITCH_964,N_143011,N_143012,0.0000001,0.0001,,
SWITCH_965,N_143011,N_143013,0.0000001,0.0001,,
SWITCH_966,N_143012,N_143014,0.0000001,0.0001,,
SWITCH_987,N_143371,N_143375,0.0000001,0.0001,,
SWITCH_988,N_143372,N_143375,0.0000001,0.0001,,
SWITCH_989,N_143373,N_143376,0.0000001,0.0001,,
SWITCH_990,N_143374,N_143376,0.0000001,0.0001,,
SWITCH_991,N_143375,N_143376,0.0000001,0.0001,,
SWITCH_995,N_143521,N_143522,0.0000001,0.0001,,
SWITCH_996,N_143521,N_143523,0.0000001,0.0001,,
SWITCH_997,N_143522,N_143524,0.0000001,0.0001,,
SWITCH_1005,N_143671,N_143675,0.0000001,0.0001,,
SWITCH_1006,N_143672,N_143676,0.0000001,0.0001,,
